Id,Churn
0,0.053236160780459306
1,0.598354114098662
2,0.6430262607542909
3,0.0209324570482593
4,0.010865380583211263
5,0.12007880496747207
6,0.4765205412789518
7,0.222120867876387
8,0.072316733425509
9,0.3285867605085894
10,0.24270901835863282
11,0.18030566371436554
12,0.3575704657784659
13,0.14011300654600897
14,0.020796418532162752
15,0.03281266804978431
16,0.1899768270751745
17,0.37158154259069437
18,0.037036264263312114
19,0.031237782113547965
20,0.20717834277973465
21,0.027936790399172663
22,0.7230893770863811
23,0.3897068635632781
24,0.15209906309625812
25,0.41637485909173644
26,0.13775572719596993
27,0.03626291841132152
28,0.04400495194764646
29,0.010865380583211263
30,0.5754794977930539
31,0.36036465060526784
32,0.7174288134292316
33,0.548095696774211
34,0.08644099348493083
35,0.04104728479054963
36,0.5425519563472431
37,0.057856122887572865
38,0.11980142440241351
39,0.06311495820684274
40,0.3437175321204788
41,0.609133725893868
42,0.40768325365699665
43,0.228660728661185
44,0.34509808865637004
45,0.30799202348965005
46,0.19177992121233028
47,0.1520156891730328
48,0.26462700422990965
49,0.2505383498718897
50,0.363085435142049
51,0.6851121740527508
52,0.26160509067337095
53,0.12162121631425801
54,0.4813651247644262
55,0.015093003726189377
56,0.029143738956159453
57,0.5605447624264562
58,0.5732711220485165
59,0.31240366421576504
60,0.030623467650121652
61,0.5313148585908224
62,0.18485870422217057
63,0.15241129157184674
64,0.7588194548784987
65,0.017008404827368824
66,0.20262487380301186
67,0.42713145034670763
68,0.02639907546028062
69,0.5773983792393504
70,0.5233552392817618
71,0.6447439009595014
72,0.09201308103727923
73,0.5150425200547291
74,0.8293215756680313
75,0.038987038509243135
76,0.15077940769034628
77,0.08535024929826576
78,0.14151068157917987
79,0.014916662098426993
80,0.4370166279460588
81,0.6690981838376893
82,0.7372806842527769
83,0.18999976816777708
84,0.2604660760445422
85,0.05305278984231425
86,0.06547251894703485
87,0.35618381841960045
88,0.28760537095998717
89,0.2604660760445422
90,0.14579263138541573
91,0.1569933990751443
92,0.8221555823703751
93,0.766601349416852
94,0.010850105854931673
95,0.04308686888138008
96,0.15074822114990263
97,0.6816511278045642
98,0.31131351814945957
99,0.6119120667587907
100,0.029987324015923102
101,0.8133344569146486
102,0.01147600852341593
103,0.498889120341078
104,0.01331647012107862
105,0.7723281835997897
106,0.25006522226238104
107,0.12495907070691106
108,0.01944334209359665
109,0.1980953571889868
110,0.1391875048919847
111,0.10350268024377658
112,0.4501762946016283
113,0.3408720593986088
114,0.015721362396376077
115,0.7833776360112548
116,0.03583902536919431
117,0.011805459660481792
118,0.041363047815771346
119,0.7329959222508218
120,0.12740324562686103
121,0.05734960591526451
122,0.30113554721415603
123,0.36203681428113316
124,0.23672465488970923
125,0.25656455872015416
126,0.6227800795348503
127,0.23205356112782408
128,0.24170425616375035
129,0.18403498450343062
130,0.1265625697685138
131,0.058559830030228494
132,0.01193930914727854
133,0.0430487360121789
134,0.2739325501739058
135,0.05414994447761978
136,0.04922215050314451
137,0.015187648835137022
138,0.08312313812585215
139,0.14083617991024835
140,0.016721032758111768
141,0.024376110172616428
142,0.10657933570372559
143,0.08266267549143866
144,0.28992235010318185
145,0.15885540464765727
146,0.30243959165271267
147,0.01982942646494499
148,0.014368044232345736
149,0.6797849357982186
150,0.041543198604830835
151,0.5574431739804396
152,0.38618122622286183
153,0.030401718853744986
154,0.3215247745047686
155,0.8014560279908154
156,0.046920815710636235
157,0.111989165047995
158,0.07030296117471345
159,0.13193772078612512
160,0.2684606251163156
161,0.6574132282099753
162,0.1087811154737414
163,0.05275353899673603
164,0.5251523081699405
165,0.0915149467809174
166,0.051848797856638186
167,0.1423207072270625
168,0.03392030172865856
169,0.5835202863635849
170,0.7811447063640554
171,0.040540170393877986
172,0.39947157102013703
173,0.37398913718348087
174,0.12024163133344544
175,0.5525706559618749
176,0.10734721534905366
177,0.03869318376864945
178,0.02443734919923022
179,0.7986217381896836
180,0.17710729141095063
181,0.09287091180273233
182,0.054210887107166886
183,0.10622733333285174
184,0.15941222648897302
185,0.024371690154012117
186,0.12188451858632049
187,0.0162987681244129
188,0.03919927502562113
189,0.030730369482443624
190,0.023102594043097505
191,0.015059037523903944
192,0.13214570979628473
193,0.04184189047033128
194,0.4135363396085175
195,0.12218097387781425
196,0.04285743274102932
197,0.1682922761931245
198,0.3877773210489279
199,0.49037284899243233
200,0.46213980441665403
201,0.5802211001483305
202,0.19429992504318355
203,0.5886526640478739
204,0.20295746878596277
205,0.017805039920427174
206,0.08131372328536753
207,0.5272621001710474
208,0.7184251779543822
209,0.5042278136123798
210,0.31037070257624993
211,0.08475502072741352
212,0.5679903510713463
213,0.025523292938283936
214,0.018870312281080426
215,0.4852824972884767
216,0.835052403210307
217,0.7411290042976387
218,0.21903892104362802
219,0.47791068197860465
220,0.41202169932117483
221,0.03984254466463272
222,0.060605561137727706
223,0.12373992971448217
224,0.024903634889357512
225,0.5671605629797843
226,0.2884289655584064
227,0.08935162163126224
228,0.44129451992814756
229,0.35211049713227316
230,0.011330761342364423
231,0.021387820406726356
232,0.28846727412617007
233,0.014407621575487448
234,0.02585843900650356
235,0.044356360629296925
236,0.714547358620951
237,0.3155627659925503
238,0.0822645070123261
239,0.3781379201238859
240,0.21393681403778672
241,0.029081846023754694
242,0.15112749765240394
243,0.44012383198219873
244,0.0527553782435798
245,0.08652768173732221
246,0.02693855074091518
247,0.010981932122922691
248,0.07482948818819517
249,0.030567552247659793
250,0.01056382825125617
251,0.03529505158843958
252,0.10795993381833001
253,0.4368223534425291
254,0.3344619377993469
255,0.6292581155034218
256,0.09671903536135776
257,0.15254184203006485
258,0.21217868459913322
259,0.7173000810951621
260,0.12189518404097541
261,0.2751525236393906
262,0.2557479642740587
263,0.4966683580361074
264,0.607912794924714
265,0.3050631134039553
266,0.5467343571039568
267,0.33718618467423067
268,0.2566129020857976
269,0.09176373109421954
270,0.021017754541086908
271,0.015010105429212687
272,0.3122342460539715
273,0.46809775633853457
274,0.07009775471173575
275,0.3523646124549197
276,0.045934509639662516
277,0.07029937783900443
278,0.1742315264827799
279,0.04589403353073116
280,0.5399019435340348
281,0.07865894964545672
282,0.5450919722509245
283,0.010861635962755979
284,0.19227003834559891
285,0.017432095093603543
286,0.01410530765525183
287,0.011630643735897582
288,0.12430242606754892
289,0.6864536063860002
290,0.401586841917658
291,0.5548478528924643
292,0.054317028852628096
293,0.47965002586010147
294,0.5570580831156
295,0.09128261552913462
296,0.12170134837652491
297,0.45716306009352137
298,0.010865380583211263
299,0.2802332884527
300,0.04099567937983062
301,0.09739108972745869
302,0.12686947701090512
303,0.7134394141859088
304,0.04197803321452723
305,0.21324091861329272
306,0.38676112825753445
307,0.5013477980160679
308,0.6841544661115545
309,0.8127219119569472
310,0.05939732413731314
311,0.01714538346745905
312,0.1028870129640858
313,0.051677580126438374
314,0.4329921339522212
315,0.7669621166046344
316,0.03458563826086182
317,0.31445921733681176
318,0.7344439913335097
319,0.5033498472361565
320,0.377166992967002
321,0.6758842096531675
322,0.4630752656776183
323,0.10809733631226726
324,0.023157756003738338
325,0.6764444831144057
326,0.026659261766195236
327,0.24308944863991258
328,0.012908646927069504
329,0.32263443605978626
330,0.13335560370594707
331,0.31619439176803926
332,0.31375624962531
333,0.16886304480660533
334,0.6120806844132926
335,0.11989305795338712
336,0.01839261603571483
337,0.25868517458097
338,0.031343078619396704
339,0.029838150314912267
340,0.48597767978201273
341,0.3166036845556828
342,0.14219224245137466
343,0.22310032817160352
344,0.02285178214399933
345,0.06311495820684274
346,0.4037243179875059
347,0.3215247745047686
348,0.016705843343788492
349,0.3349479984475287
350,0.06947078614960014
351,0.04362348787300751
352,0.23324775338125583
353,0.08063803621508353
354,0.2967452058016858
355,0.02815052705588339
356,0.7450870014817322
357,0.5713183501611083
358,0.646402812567155
359,0.5114042730390244
360,0.21088511560488013
361,0.018552922595751642
362,0.3569712036151541
363,0.07321609944296238
364,0.3018667551618795
365,0.014735529677855899
366,0.07425174515773202
367,0.1683562529701269
368,0.07761588644960653
369,0.095066890452155
370,0.09340861298151933
371,0.3070508708894633
372,0.055970123317781194
373,0.8368942362021091
374,0.03457943709108806
375,0.14422325232253883
376,0.2561084681003604
377,0.20530949552736094
378,0.6152592418205175
379,0.5337425046729617
380,0.32185478995611305
381,0.06200741811231918
382,0.03733504148632472
383,0.3645516644479405
384,0.2519579281563169
385,0.500527611292507
386,0.4739994605053259
387,0.01809958443187531
388,0.011578590149981643
389,0.019375199641424055
390,0.6676120463437947
391,0.02155205953242214
392,0.5851172437964202
393,0.39671192008967865
394,0.09000054474164641
395,0.41196380237276486
396,0.06311495820684274
397,0.04463565909769879
398,0.14187013490780645
399,0.021286218804951684
400,0.28218511200033497
401,0.10369789720471784
402,0.0261134278327826
403,0.1690028460682541
404,0.02854313737432569
405,0.5179042582504626
406,0.605670234093792
407,0.32792828938226204
408,0.2604660760445422
409,0.01892031860130268
410,0.05861474092894575
411,0.05341338677933869
412,0.5709770183350058
413,0.4973606853335058
414,0.26462700422990965
415,0.1770867565379166
416,0.021267617948332318
417,0.4149036485700951
418,0.07395919637523878
419,0.08235778823843301
420,0.3840159453694469
421,0.2404922138957625
422,0.4240429037792763
423,0.15553936902628407
424,0.0890898888070014
425,0.6124931625009916
426,0.17362934674330555
427,0.049229061077862575
428,0.8330193723366202
429,0.14115790919166613
430,0.028423228094814356
431,0.09013483434455709
432,0.612093809924048
433,0.5945598069774307
434,0.536909330989103
435,0.6766684805326042
436,0.021479022064536626
437,0.030798465053781133
438,0.25281566911227527
439,0.4655675991706348
440,0.09262482449825445
441,0.25805787343016773
442,0.18479419842984127
443,0.045901406388553556
444,0.3301717333173775
445,0.014759614475181633
446,0.03150050497067898
447,0.03652645579007891
448,0.4250315615783196
449,0.09023718365129049
450,0.5800485262736439
451,0.41426597884085
452,0.02625197664952117
453,0.5550023757587905
454,0.04677356205760828
455,0.16737027305134564
456,0.16112445126245245
457,0.016082373512108193
458,0.02650756325363356
459,0.09721867824915266
460,0.19717558881679303
461,0.020801723183664626
462,0.02438964713383154
463,0.03971559845768856
464,0.3215247745047686
465,0.19067282010069858
466,0.032457969076387934
467,0.6767964654404841
468,0.22743829019677392
469,0.039757117295008235
470,0.48170580198712776
471,0.37250545735821505
472,0.26462700422990965
473,0.289279065455754
474,0.498758554425849
475,0.038758176548879406
476,0.6895662266845216
477,0.04226739170510437
478,0.057836306269891856
479,0.24274174334968524
480,0.29414387305109685
481,0.034918958740473446
482,0.25852678483236063
483,0.5608982760955655
484,0.08356225124440689
485,0.35550121825772024
486,0.41104263350242715
487,0.3015849235827605
488,0.01691605332821142
489,0.057391285294956115
490,0.7766066589809654
491,0.32381654234186574
492,0.2959011045941574
493,0.1061930459742605
494,0.06891885973844443
495,0.02407805978321408
496,0.09981849089815403
497,0.047670673522225177
498,0.6498223779097902
499,0.06172922349998513
500,0.7372788794055857
501,0.03062563834785295
502,0.21393681403778672
503,0.4078020939647219
504,0.2882671147118842
505,0.02643464181648526
506,0.18733219583944147
507,0.2533120257998409
508,0.5640590013636828
509,0.1036414221787437
510,0.7184036865267329
511,0.28882356706282486
512,0.6110292079742264
513,0.45937450964571525
514,0.12534895724047274
515,0.07439208929144718
516,0.2437794934839678
517,0.866155666382338
518,0.41506009560057233
519,0.01685167947506717
520,0.5110719743185573
521,0.057462241067300676
522,0.021269406971404163
523,0.18268627715466748
524,0.832387482518119
525,0.14138907065046757
526,0.36693211826608596
527,0.11717936361262807
528,0.5570696617453037
529,0.08431933825724883
530,0.035122989870191836
531,0.0829856826831066
532,0.15352704446157858
533,0.34238795536689837
534,0.7431679532127151
535,0.640475775015885
536,0.43944681016825043
537,0.06257119984723981
538,0.44242013720298173
539,0.1897467211626151
540,0.5026746294437816
541,0.6930619009649683
542,0.1810766232443798
543,0.14056287422896518
544,0.1749400972728969
545,0.31883088717921804
546,0.42839361592644154
547,0.036809344986519596
548,0.3472332092412945
549,0.06412469925601248
550,0.0812571619186819
551,0.033173608575974296
552,0.021728076403908857
553,0.1741660906764373
554,0.11758213135875534
555,0.05354269510477518
556,0.6379654700309721
557,0.6010076825773701
558,0.13117489302970461
559,0.2883896741429592
560,0.405054776150279
561,0.01502704307314509
562,0.03543095191939762
563,0.019544596649373514
564,0.24651658194385115
565,0.2666726182791064
566,0.6602850643754132
567,0.09243927031670908
568,0.49583510425156124
569,0.0924581695783696
570,0.02077248588180228
571,0.65636737629145
572,0.6570107602614838
573,0.21393681403778672
574,0.01654609062086988
575,0.32668021188444496
576,0.22632511700434418
577,0.504734532673244
578,0.37338236891431625
579,0.6921159505021564
580,0.026862403063573608
581,0.5962052680245948
582,0.013469557283679656
583,0.030767330983446584
584,0.24764577325696432
585,0.025743081457609413
586,0.19341788669813542
587,0.06931494972708455
588,0.8304405305757904
589,0.3809410048219381
590,0.8812487478801266
591,0.07267312027402957
592,0.581657531590887
593,0.05709156490987799
594,0.4276591711076058
595,0.530760645802742
596,0.01147600852341593
597,0.41480225427851336
598,0.46585847412581627
599,0.04438433120294797
600,0.016102256631994653
601,0.2288192871146112
602,0.1172714703525754
603,0.5587834405254307
604,0.0324163933922704
605,0.2517470993781139
606,0.09655715987202224
607,0.5840105280947763
608,0.0719984547258429
609,0.19057572852445412
610,0.49364750197924884
611,0.19067282010069858
612,0.3675993071923686
613,0.19038712975284952
614,0.07499377546844113
615,0.02113816837394133
616,0.47941726230811843
617,0.11256981464884402
618,0.02216662197780973
619,0.23874962939726319
620,0.03557901879047306
621,0.3143170454268046
622,0.6794159581487028
623,0.8329773087864213
624,0.07383031278640527
625,0.1646156777603955
626,0.02752769680537943
627,0.027179926329257784
628,0.5840326246012598
629,0.14759806185057173
630,0.48323482689236336
631,0.04000720928206847
632,0.5168696259194564
633,0.031600176389500155
634,0.5743349200214759
635,0.02527859581540429
636,0.10515555962421144
637,0.18302205334683225
638,0.19505091200064342
639,0.5719708559115165
640,0.7881442861646797
641,0.20599568379943758
642,0.16795278642257935
643,0.1483670696828932
644,0.3122303535425457
645,0.038315966180826236
646,0.09842068516331579
647,0.08172525036262905
648,0.011338889102461782
649,0.0668813979709634
650,0.032206307624296444
651,0.7359318490502328
652,0.03820064360450707
653,0.256088257269555
654,0.2106854789379325
655,0.5469920524627987
656,0.18557146338928107
657,0.1613356923204533
658,0.06384248721705353
659,0.36873221182590266
660,0.05957087968179451
661,0.04088812176223709
662,0.3887373411644663
663,0.2989125496395231
664,0.031379245153580565
665,0.6753834282840262
666,0.8696490496087745
667,0.16454980630043248
668,0.030682752734373552
669,0.014690530191296352
670,0.041527972785282426
671,0.4913831267716054
672,0.5574667267445005
673,0.3421244890292629
674,0.6857178247234945
675,0.11874532512331759
676,0.018297847742238135
677,0.2796377441874985
678,0.3027440098677497
679,0.6618361786047281
680,0.4966683580361074
681,0.1342615046602794
682,0.021313180426861422
683,0.4097053757028725
684,0.053607741266329785
685,0.3407748565497817
686,0.04613597711875083
687,0.039739018699513656
688,0.285710285170917
689,0.23908554667283893
690,0.6408516945564976
691,0.7711502049839878
692,0.3159080463292483
693,0.2667004007740923
694,0.06297730999890108
695,0.5311000387684697
696,0.3351793272341015
697,0.016683355147960086
698,0.03611250301462314
699,0.10454143404851987
700,0.07387462246751708
701,0.13999598616440226
702,0.1125332014435505
703,0.09772546893265953
704,0.871242854381173
705,0.01756545775270244
706,0.05479766547821954
707,0.7416838061142306
708,0.02353902056985761
709,0.08747061742779148
710,0.04408039697404511
711,0.22983303425475593
712,0.29230971883360535
713,0.2571032824329817
714,0.1868135097270613
715,0.14045913894709855
716,0.7134669701626645
717,0.029115112340832142
718,0.38338752142878374
719,0.7829891820738454
720,0.12067902081367217
721,0.26663051150170874
722,0.23369715154429552
723,0.49093931085008535
724,0.12030881734927115
725,0.6894097257548686
726,0.021846767502055484
727,0.3707004165694688
728,0.2232482955365389
729,0.03510085557125345
730,0.015755141719644268
731,0.629599647515403
732,0.015816461282636557
733,0.023684903326904615
734,0.051880186156177746
735,0.5774950083837809
736,0.026365948668322647
737,0.30493253491842565
738,0.4009865763964541
739,0.41457624252935077
740,0.2916896095209282
741,0.3382637314039607
742,0.33940438828759095
743,0.42316387495233393
744,0.13869879082097208
745,0.20167639830038364
746,0.07883650330468181
747,0.34803454668960476
748,0.012080349250248597
749,0.5630263015850414
750,0.443882191022408
751,0.03595941775202969
752,0.1965722481861961
753,0.11904236991968077
754,0.5979361528670806
755,0.10794162022110783
756,0.17065612727719023
757,0.39068032183760243
758,0.07199743779169981
759,0.6884477866040758
760,0.3072762673826983
761,0.6060972176296214
762,0.7581464343705019
763,0.13565258815354403
764,0.14817779691778635
765,0.1264486153021788
766,0.4636494802739687
767,0.03868022367443716
768,0.16119363619296428
769,0.3635906871243362
770,0.544567966234814
771,0.027668895542721946
772,0.7009831224519444
773,0.21217868459913322
774,0.5375142245208864
775,0.07537388010003276
776,0.09798919981738151
777,0.5651099294728809
778,0.04639519025851509
779,0.583310174529672
780,0.1028492258876734
781,0.4447314702978266
782,0.5334591615572521
783,0.6480318879272005
784,0.027645946532665742
785,0.5887649330716814
786,0.13405924100036082
787,0.18025729463269988
788,0.5068140994224912
789,0.024468319957232025
790,0.5055837681582505
791,0.5872163533830668
792,0.03129655143579567
793,0.5153479873181047
794,0.6061717812870809
795,0.5289601154305863
796,0.34225506997407307
797,0.017945900110111254
798,0.09613423824276739
799,0.047455804617112546
800,0.2838886100911224
801,0.31507729502275916
802,0.03001364948309167
803,0.6954415523134346
804,0.015073266336129588
805,0.18334812840373166
806,0.016425391771552212
807,0.49696679846245473
808,0.18446430645602382
809,0.2504936279150323
810,0.127538504608525
811,0.28067095452868074
812,0.3277137344253265
813,0.19775164078011856
814,0.04487752512686108
815,0.5905603101947741
816,0.21968570423217762
817,0.34000339770871785
818,0.020905718516028137
819,0.053029721070157236
820,0.12812986913056257
821,0.7617003081422739
822,0.015423752029808698
823,0.03827094915628116
824,0.1166198255885732
825,0.03510085557125345
826,0.01891385102731715
827,0.4836704907116029
828,0.6714953365812626
829,0.6566226243236125
830,0.8151564659278525
831,0.7881442861646797
832,0.2666726182791064
833,0.3643783975161688
834,0.32197093956058515
835,0.35344998612303175
836,0.07017454099204903
837,0.6827810627311912
838,0.4140287769044033
839,0.33957684907047647
840,0.3133713525219074
841,0.26462700422990965
842,0.15377452894182947
843,0.41990293708988613
844,0.021985901456271436
845,0.35773415775147877
846,0.5497393889031129
847,0.8128298650036253
848,0.03245276920403519
849,0.24267886596170407
850,0.37952392739705076
851,0.1151219048940135
852,0.025368699318068746
853,0.2583050557082186
854,0.2283208900084945
855,0.10354550786702972
856,0.5006236515774015
857,0.11963941055673584
858,0.6606430061173004
859,0.02041352865165739
860,0.5057205857999209
861,0.11646849510942359
862,0.11255978969097029
863,0.5039309139635195
864,0.1677493411089475
865,0.05037145045290997
866,0.10803736239097093
867,0.38848818761835024
868,0.24699841380555584
869,0.406000696765418
870,0.6706119003563842
871,0.11425555493002947
872,0.09776331620606318
873,0.4748154431669923
874,0.5797485211636109
875,0.4959119672018477
876,0.2923421032590967
877,0.15554932151147058
878,0.03233506450955862
879,0.14543090161993763
880,0.16601978657479882
881,0.06924966360596836
882,0.012398090911258248
883,0.7291292635983552
884,0.04842018407891723
885,0.3286279370614039
886,0.27141136640988667
887,0.0278471428002813
888,0.06720956699307339
889,0.24748501137248502
890,0.3320161848965661
891,0.10537811127145864
892,0.015198092306217758
893,0.7264833477891293
894,0.05930671136236554
895,0.024480319217542134
896,0.04053715552928235
897,0.39215129880950594
898,0.08206133475831245
899,0.7592254642775979
900,0.026824894068839693
901,0.2371302454678649
902,0.11102213534867239
903,0.07195617932497961
904,0.1756346148533816
905,0.01579149725979775
906,0.5391299331398879
907,0.013211300144830553
908,0.035240406251179385
909,0.791232980173954
910,0.02279126479824743
911,0.025356818188073275
912,0.016313730268649435
913,0.4855531800876811
914,0.16059930866989783
915,0.04333380374573414
916,0.6941993998131776
917,0.4590981739941299
918,0.26462700422990965
919,0.7774268513436949
920,0.18916443440167466
921,0.7686645114298122
922,0.1338773738175269
923,0.08904474256382362
924,0.5730229368367225
925,0.11223978719068035
926,0.07751916550424462
927,0.2666726182791064
928,0.08405088286993072
929,0.15442584980017035
930,0.7196452593596047
931,0.4775850700428876
932,0.7226742547056852
933,0.04628250591521196
934,0.0949264798307807
935,0.06397861398024589
936,0.016532226334438536
937,0.297732431402517
938,0.15956591875972784
939,0.03108787079793412
940,0.010687990938769579
941,0.6791183244201687
942,0.45591152192969986
943,0.01626673349775967
944,0.1997069975252899
945,0.6633835485039412
946,0.31194725431541503
947,0.03617323328661326
948,0.0883879537214335
949,0.4245808696290987
950,0.7450870014817322
951,0.04538013606722005
952,0.2666726182791064
953,0.4247747752625473
954,0.19761058620877459
955,0.18506205026547043
956,0.17969665043757244
957,0.38953318556991073
958,0.06398189730350941
959,0.11181806341380564
960,0.3468275181165822
961,0.4257859155286167
962,0.1400316312146034
963,0.03359172545157519
964,0.4874826753631274
965,0.6776838046558924
966,0.2550053027132489
967,0.018122918177651742
968,0.16203864787403768
969,0.05751458569127997
970,0.027744970412679176
971,0.028776872233667435
972,0.38917126895174114
973,0.1657163685296469
974,0.014355137562226221
975,0.49378200488170193
976,0.09152936922316982
977,0.07046136435705615
978,0.4528724834245794
979,0.07168709893196525
980,0.6264909973781352
981,0.10328206803040206
982,0.35924994383382386
983,0.01328734851019154
984,0.5682493336464506
985,0.04794363009804237
986,0.06012907643077553
987,0.5532262663651084
988,0.3612296503929864
989,0.05191496230185019
990,0.6141279157397865
991,0.5887121902565177
992,0.21474037624830025
993,0.13846834340020228
994,0.6088155688033215
995,0.38299016192137286
996,0.19061384743012477
997,0.011288763462315984
998,0.8156478861883599
999,0.017525854679763034
1000,0.03378331484182746
1001,0.25232952523576047
1002,0.2584286920655676
1003,0.21572969391319638
1004,0.40302979483963286
1005,0.01303761810110582
1006,0.0384126560888838
1007,0.07130954043926542
1008,0.09040970740113292
1009,0.1720220599771772
1010,0.6201330158614172
1011,0.3793123441010722
1012,0.15445429647155012
1013,0.24530853117117019
1014,0.10041473885392195
1015,0.024113941585305405
1016,0.012207723413473953
1017,0.13849973817624295
1018,0.5526208614154806
1019,0.8067180436592232
1020,0.6282678095604121
1021,0.018267648811869347
1022,0.10340994546062283
1023,0.024424419959033588
1024,0.09759164108272786
1025,0.8276068539320134
1026,0.4657062794607913
1027,0.07803531564891691
1028,0.06285695286818467
1029,0.7195819574341286
1030,0.23090420638962042
1031,0.01309192482226056
1032,0.05781134814475367
1033,0.14337176529657739
1034,0.11125099008340457
1035,0.5824198113543881
1036,0.54208369181271
1037,0.15985678365742143
1038,0.28055447067130057
1039,0.016343103338013754
1040,0.48623383185157565
1041,0.2672371567265246
1042,0.47387013717041593
1043,0.012448486928439152
1044,0.07905020815835873
1045,0.012736394745577317
1046,0.018492088882203918
1047,0.29369600120827466
1048,0.6310966476701487
1049,0.06277026233713012
1050,0.2653770931362978
1051,0.15556066139221683
1052,0.12126630856590397
1053,0.03874454944201545
1054,0.01676834770723137
1055,0.044892042063722944
1056,0.13922620380147344
1057,0.0974400818796197
1058,0.12996177016310767
1059,0.5526788568522528
1060,0.39143313352158393
1061,0.05544397632822221
1062,0.09330719556314165
1063,0.0384335027987334
1064,0.13638766657101029
1065,0.35728732728800444
1066,0.09806636551961151
1067,0.17411291373256904
1068,0.039798989420315414
1069,0.013867822156213966
1070,0.05338403359179049
1071,0.1505775853970849
1072,0.10824643907515077
1073,0.16984377888183702
1074,0.05931351956692279
1075,0.03326471172584423
1076,0.07040885232906263
1077,0.39179970980731915
1078,0.12691415821550983
1079,0.5585370328282117
1080,0.028833323254732316
1081,0.8130018342843379
1082,0.4502729539198215
1083,0.0670534168550024
1084,0.5507748040455073
1085,0.33755678881722867
1086,0.4166176774982237
1087,0.04066264257926204
1088,0.6514681047697726
1089,0.7609187730893135
1090,0.17113277469807128
1091,0.61738947834996
1092,0.06875082218745811
1093,0.5219147609134672
1094,0.32580879724932177
1095,0.09080317218450912
1096,0.05211199861058799
1097,0.2302382316346958
1098,0.258344744354252
1099,0.13493086687774133
1100,0.4797672907725151
1101,0.31168949464965295
1102,0.11579881383387687
1103,0.06297730999890108
1104,0.028027770880200562
1105,0.09996785683727144
1106,0.018731950409602398
1107,0.04491797518698242
1108,0.013729544289081538
1109,0.27879909500545075
1110,0.6961783452202537
1111,0.061290464473320164
1112,0.013022940239641633
1113,0.09522108137019442
1114,0.09075283548714803
1115,0.5209786396117837
1116,0.24233299831538432
1117,0.14160586917339943
1118,0.04160697112675178
1119,0.14773859110424323
1120,0.0832414329469478
1121,0.16241500982782234
1122,0.41530230386295053
1123,0.47542617300193335
1124,0.032457969076387934
1125,0.020908992381211515
1126,0.3350276409687641
1127,0.42719252690983456
1128,0.14692332449330345
1129,0.4557078372856428
1130,0.3875857718923641
1131,0.03280594522141438
1132,0.12912452048197587
1133,0.1390820031533108
1134,0.6916744902124594
1135,0.6293767180754984
1136,0.02069038618969989
1137,0.06837358884086579
1138,0.5504156912202964
1139,0.017447936687267355
1140,0.5883501547449225
1141,0.5517848990756596
1142,0.09467919551075679
1143,0.09275144415935818
1144,0.46755207792367687
1145,0.3013490044605557
1146,0.10205670939422781
1147,0.16648663990906265
1148,0.017349398341907293
1149,0.045669597131719385
1150,0.3084508649605857
1151,0.3734324430267415
1152,0.4891145837310402
1153,0.012794233324062357
1154,0.17367357660804084
1155,0.10345153043231274
1156,0.011807484371814246
1157,0.21393681403778672
1158,0.4966683580361074
1159,0.8344460153920513
1160,0.012568417812389336
1161,0.28158412147765605
1162,0.26534366061926407
1163,0.2295818108468608
1164,0.021368044366368303
1165,0.5868099288808887
1166,0.14908496524889467
1167,0.019407016468261724
1168,0.18900130110487592
1169,0.012896381854932247
1170,0.06412492076498356
1171,0.056010060679053175
1172,0.2040261017144158
1173,0.10091239066170585
1174,0.12401815617127196
1175,0.6021730464016236
1176,0.2321045864688008
1177,0.028592728760004425
1178,0.3944650942184049
1179,0.0782272675689445
1180,0.032600245877878804
1181,0.015636418014433575
1182,0.3003198838572059
1183,0.07082137140269675
1184,0.11454333721397308
1185,0.1614022520691472
1186,0.6136545932952798
1187,0.5157785833468723
1188,0.013828100573857036
1189,0.11760260547930566
1190,0.13111807575209516
1191,0.04509980830296392
1192,0.24966955129196658
1193,0.41155841984998637
1194,0.5384670078361664
1195,0.06242280163835222
1196,0.14048442391950877
1197,0.0692384794173125
1198,0.03511860262190864
1199,0.26176392276623367
1200,0.07958017048842202
1201,0.032171131819148706
1202,0.03324929122953913
1203,0.5513217449341987
1204,0.29447454458423805
1205,0.22425641217089123
1206,0.4858634097382314
1207,0.09836350486683995
1208,0.4382632125815973
1209,0.06449387269072653
1210,0.37311563960029126
1211,0.039175416828220386
1212,0.09316615596988596
1213,0.8447803821135369
1214,0.17456068533104369
1215,0.3777213996864721
1216,0.2842169000002599
1217,0.6214346251315269
1218,0.259314437886674
1219,0.08940684970192411
1220,0.015155484909064708
1221,0.37093339420054894
1222,0.8311756955174747
1223,0.3394762325261121
1224,0.04478980943838564
1225,0.35039498271795394
1226,0.7774268513436949
1227,0.6210471563118339
1228,0.5565055320217436
1229,0.8006730040191093
1230,0.015502695443107346
1231,0.6386640688113903
1232,0.6431142911116463
1233,0.4902691821782051
1234,0.2302953163192977
1235,0.014095133783882252
1236,0.8696490496087745
1237,0.5322198961976121
1238,0.5112431889792552
1239,0.01773354871441417
1240,0.21993839202367288
1241,0.08244750418806035
1242,0.01593333667871595
1243,0.7355226415607931
1244,0.016414128465763917
1245,0.09432553480763993
1246,0.41990293708988613
1247,0.14660468463276247
1248,0.11118189107956783
1249,0.13162964455733128
1250,0.06167363487879397
1251,0.3657051629009967
1252,0.013100255794171782
1253,0.8321449182013364
1254,0.13477872520587125
1255,0.011304648673073334
1256,0.6045429843897018
1257,0.5883841721374478
1258,0.011108102112533266
1259,0.32381654234186574
1260,0.8239077662684862
1261,0.02322923587560944
1262,0.26462700422990965
1263,0.25945585147552547
1264,0.22239591100198575
1265,0.31309893930688226
1266,0.45849708688307844
1267,0.3228720666916698
1268,0.5647994577037512
1269,0.3656496772941795
1270,0.03281388279041928
1271,0.023821877566651266
1272,0.14586714891602365
1273,0.02986071782311904
1274,0.015473836195779928
1275,0.1936488372010481
1276,0.03415141860126623
1277,0.010687990938769579
1278,0.06335896057594145
1279,0.293598095934416
1280,0.05393224089925325
1281,0.5111879811283971
1282,0.7288910314397175
1283,0.26122946615610443
1284,0.5643887721546076
1285,0.1715234441252047
1286,0.14900193592196675
1287,0.5360834250002277
1288,0.5117345634801354
1289,0.05481179277251567
1290,0.18922807453084628
1291,0.5489301875508309
1292,0.0711549273472599
1293,0.03275578315261861
1294,0.18759913018912242
1295,0.4376833638849321
1296,0.07929299629570818
1297,0.27033092037800893
1298,0.5060576595085988
1299,0.4747073120029342
1300,0.6161289566922878
1301,0.8249717099089885
1302,0.09155935316350036
1303,0.6225434017873359
1304,0.11929208804836808
1305,0.08423259845327155
1306,0.22286934905050146
1307,0.0397034081641101
1308,0.1575286879016007
1309,0.7894535907833935
1310,0.14778792077149808
1311,0.4524183501547383
1312,0.37843664582596326
1313,0.032800433698208724
1314,0.02994201608509684
1315,0.3148465034876312
1316,0.012571235516511124
1317,0.46215107929322874
1318,0.03873861654926199
1319,0.014350207688343072
1320,0.14675927462596577
1321,0.021467662359053397
1322,0.3215247745047686
1323,0.25868642325919233
1324,0.07119855278032379
1325,0.4565319512720016
1326,0.5423891339499869
1327,0.1625491286598413
1328,0.6363938721481909
1329,0.2688762726454094
1330,0.7072983193349502
1331,0.17396497427978813
1332,0.20414466459169808
1333,0.17577054837611
1334,0.015791515875736416
1335,0.6489010468340901
1336,0.04815255210083097
1337,0.5466795064901653
1338,0.01436876978548234
1339,0.7347765012693366
1340,0.029872250079658463
1341,0.26549102179869366
1342,0.021149289855180553
1343,0.10455401675943672
1344,0.05159013119464144
1345,0.1177678820298439
1346,0.05600845216382042
1347,0.01729863584653565
1348,0.6854963733453026
1349,0.024312423470287017
1350,0.027902043653731324
1351,0.033444786099256066
1352,0.04244623243546285
1353,0.35204722186809717
1354,0.3055762877539893
1355,0.6035337082987561
1356,0.06468139066975251
1357,0.39304883086317194
1358,0.019557186615521187
1359,0.19314334067868852
1360,0.15725912735040207
1361,0.11722716718589477
1362,0.5596806116409616
1363,0.019266891574956053
1364,0.12512061147456072
1365,0.44704770448668785
1366,0.31240366421576504
1367,0.03211353266607464
1368,0.16031716871064158
1369,0.06441618397218829
1370,0.05776598084086272
1371,0.7005082845184648
1372,0.024943652269005988
1373,0.1738952404401894
1374,0.037728851083282874
1375,0.2545476203512345
1376,0.0916864497008162
1377,0.40225573569380607
1378,0.32981883616843266
1379,0.1737195270660702
1380,0.7370486557468166
1381,0.5123309509606598
1382,0.4138565630370792
1383,0.013923799357747492
1384,0.4206852338931937
1385,0.6682044884399609
1386,0.6283637788495334
1387,0.09909349257134749
1388,0.5704374112949748
1389,0.5710689477573591
1390,0.5193185795358635
1391,0.032952071168399245
1392,0.7206171026396873
1393,0.14412065220434492
1394,0.030026475943465535
1395,0.49523077481213695
1396,0.134662198423483
1397,0.017562500324200824
1398,0.27292269273742514
1399,0.20617355183632557
1400,0.2905100637222223
1401,0.056859384335639654
1402,0.32381654234186574
1403,0.019505117810182066
1404,0.13547022346145898
1405,0.15391933959101065
1406,0.2666726182791064
1407,0.3215247745047686
1408,0.1151219048940135
1409,0.013298686789473947
1410,0.06723634901830612
1411,0.026219029473111236
1412,0.4753468191612623
1413,0.6118752080310064
1414,0.032687801406723525
1415,0.08517070931430562
1416,0.1999818716883265
1417,0.0166679470166243
1418,0.1005077483196765
1419,0.33338210623978864
1420,0.07107618038739874
1421,0.011864848144549878
1422,0.01963219035696621
1423,0.014246207854539021
1424,0.10073879484241535
1425,0.06986377115845296
1426,0.04245964288863603
1427,0.09146386564311244
1428,0.7354588542578355
1429,0.34419917540766476
1430,0.1637244462439365
1431,0.2817243456133757
1432,0.3498621742115562
1433,0.023902027399012236
1434,0.7403893659447198
1435,0.2929126310208398
1436,0.3403721730883288
1437,0.15771600107757916
1438,0.4068114687098163
1439,0.4108261655309682
1440,0.26462700422990965
1441,0.46004210549002805
1442,0.11507847342805691
1443,0.5955578457291831
1444,0.2073268956681303
1445,0.16627997278175838
1446,0.2865875869231871
1447,0.19037317337759832
1448,0.09356875731239463
1449,0.8327064051425476
1450,0.056994426626339925
1451,0.6771017187180924
1452,0.5215765973447681
1453,0.02571089982146743
1454,0.20168930464675777
1455,0.04595799042543632
1456,0.10405723844228087
1457,0.2015999163207988
1458,0.22097100398131578
1459,0.7881442861646797
1460,0.7416838061142306
1461,0.02625197664952117
1462,0.016309945926746606
1463,0.26462700422990965
1464,0.37005406227328835
1465,0.5678411476110328
1466,0.045114627413309384
1467,0.027641024005388547
1468,0.03338640619927299
1469,0.4291772475760025
1470,0.2162563808189651
1471,0.04746212675006705
1472,0.3730580044821693
1473,0.36699872429990893
1474,0.3668990288191848
1475,0.7628295702309269
1476,0.057012356764152096
1477,0.0415789954674966
1478,0.30301705152164377
1479,0.3528770064741653
1480,0.023842580446475393
1481,0.32381654234186574
1482,0.017731510812697696
1483,0.12150923256568072
1484,0.19121171177062948
1485,0.2666726182791064
1486,0.05302442028262196
1487,0.1332547472810186
1488,0.2742893629311544
1489,0.20331917251226567
1490,0.6088155688033215
1491,0.03264297700361786
1492,0.013469557283679656
1493,0.1863115001302487
1494,0.6831296331791262
1495,0.38853636691439136
1496,0.2918198432158036
1497,0.1800101686761556
1498,0.26102502536116146
1499,0.12711811563778505
1500,0.0652543733461031
1501,0.05944459266716226
1502,0.011173403163525069
1503,0.12321302669496893
1504,0.9071585080486855
1505,0.3398048062633441
1506,0.6336652102048114
1507,0.21527124204671255
1508,0.6192910874005024
1509,0.4155080562605577
1510,0.10419360973650353
1511,0.05168026702657211
1512,0.14632039254399545
1513,0.19476020513030096
1514,0.04905219769571103
1515,0.4494151120660912
1516,0.06859030178200423
1517,0.5673571651312919
1518,0.3362511798867639
1519,0.10479447920275019
1520,0.05138007451499718
1521,0.0926493548241222
1522,0.023491800929984027
1523,0.18123185003404466
1524,0.021339511315156025
1525,0.5081920664092567
1526,0.07603473415818228
1527,0.6862247933729368
1528,0.09147924406220426
1529,0.5096747104921378
1530,0.23496291198794084
1531,0.14337658203142983
1532,0.01526606027081684
1533,0.15906644592935362
1534,0.03927357425728435
1535,0.1662853779222319
1536,0.06365215060418176
1537,0.3226758311152085
1538,0.011161545835532688
1539,0.4346805128820515
1540,0.07679490224776536
1541,0.5716030359119479
1542,0.3567361482569311
1543,0.01215922517229721
1544,0.044450534602979826
1545,0.533513354353973
1546,0.1712287208171112
1547,0.30443531903659304
1548,0.4336801309940047
1549,0.11510823735228282
1550,0.7872626035315499
1551,0.5926945158099547
1552,0.38115354569333904
1553,0.01616760276266158
1554,0.020164869016515704
1555,0.04801002425154391
1556,0.3214837082704247
1557,0.499270004657624
1558,0.06432644364666867
1559,0.022305205433597108
1560,0.3062962152115444
1561,0.020803516198096058
1562,0.05039536550206872
1563,0.5057146240871925
1564,0.09937360796240181
1565,0.18978333628277133
1566,0.02687513134032743
1567,0.06452890234698969
1568,0.7394376236051241
1569,0.022420713025517038
1570,0.3439908858683058
1571,0.07821246840232032
1572,0.19837737763894395
1573,0.027965851957458765
1574,0.5520283022793682
1575,0.8312763942033562
1576,0.04322651961388989
1577,0.05395236177279791
1578,0.23631528927934844
1579,0.3369431819291367
1580,0.7283501896091014
1581,0.04816360744243587
1582,0.2666726182791064
1583,0.017023398613956818
1584,0.5462213674989574
1585,0.4221667660023484
1586,0.030356646923872254
1587,0.08667854448983585
1588,0.014044716819109843
1589,0.3091479973570546
1590,0.35420371444799265
1591,0.364460851439569
1592,0.7792343205238341
1593,0.21958533792614773
1594,0.011000159654621852
1595,0.31183708662324355
1596,0.15769781591727702
1597,0.1712287208171112
1598,0.09237033363665886
1599,0.3813140225550903
1600,0.5790447389206804
1601,0.28999342237674186
1602,0.6727833778191152
1603,0.5584990512956258
1604,0.036057378267911805
1605,0.2236544311786062
1606,0.1581580128900537
1607,0.18497169519227674
1608,0.02745944798416656
1609,0.5304264545197824
1610,0.09115629030155635
1611,0.251250132990497
1612,0.7091531701827617
1613,0.16444868254132577
1614,0.18942479538048387
1615,0.21217868459913322
1616,0.3349305928339343
1617,0.22360247818433726
1618,0.3939275294711048
1619,0.4667913536025604
1620,0.04341927762967612
1621,0.33189144708796214
1622,0.0413538405285507
1623,0.3861921895592738
1624,0.0244090465270447
1625,0.0412522108627123
1626,0.014159141838234447
1627,0.09369339093820389
1628,0.4918150554491807
1629,0.2921465617958371
1630,0.12311217123120484
1631,0.05233949804306537
1632,0.26406250655099245
1633,0.11921621786313344
1634,0.15892824101611572
1635,0.016309945926746606
1636,0.017805746478011603
1637,0.877993278817907
1638,0.6189171844332566
1639,0.44686014109342437
1640,0.5449092057232525
1641,0.2532509311716634
1642,0.04454953028054434
1643,0.17437190568326463
1644,0.3084934519368737
1645,0.32611527732207113
1646,0.04505167212055432
1647,0.3237872829344787
1648,0.21224250549433538
1649,0.48351439864319656
1650,0.05679799729138849
1651,0.1335780497540137
1652,0.16973680227645
1653,0.5954444494796963
1654,0.024503921075378375
1655,0.3481408775345608
1656,0.0379541590518384
1657,0.0419348981790869
1658,0.03762322367101056
1659,0.33443277255496223
1660,0.21904227982506194
1661,0.03242985293879158
1662,0.015945973311139602
1663,0.256371760099288
1664,0.18362406823181512
1665,0.7881442861646797
1666,0.19338415461546057
1667,0.14839087404026516
1668,0.03611588582528527
1669,0.10657952246937652
1670,0.7894535907833935
1671,0.3193719170715907
1672,0.10513187500808063
1673,0.16052015302119788
1674,0.0582216294807894
1675,0.3126493061044471
1676,0.3559557238420152
1677,0.025573828241465143
1678,0.3733269985644898
1679,0.2588486044111333
1680,0.1251079730813044
1681,0.033125043489438975
1682,0.6181018214929344
1683,0.36446528890606206
1684,0.602956286758941
1685,0.02143354763248285
1686,0.6698167253130265
1687,0.24413654919013172
1688,0.38339181230284175
1689,0.08147027666881881
1690,0.024341922162496296
1691,0.38760350885227607
1692,0.11467940844587741
1693,0.3906326924177701
1694,0.047317109077501834
1695,0.19339664899869616
1696,0.4098384300837723
1697,0.25881479462426027
1698,0.13079287696867986
1699,0.1396915482903417
1700,0.06638360991966397
1701,0.18551521874399052
1702,0.02742295951379277
1703,0.039422399359319495
1704,0.6787571312121305
1705,0.12591537628570718
1706,0.4966683580361074
1707,0.25016821474556017
1708,0.5235703903086709
1709,0.5112150346021102
1710,0.014259738130277482
1711,0.32381654234186574
1712,0.06345841080335839
1713,0.49348993678100717
1714,0.1286625624149298
1715,0.018902796015869607
1716,0.33994572496668285
1717,0.014434494804917819
1718,0.02062687743984422
1719,0.30975225904411674
1720,0.01353969855773865
1721,0.6482148480210089
1722,0.3803721461223389
1723,0.02076875092851243
1724,0.723077101563318
1725,0.4103618318450052
1726,0.4675897419670511
1727,0.06717045593950673
1728,0.026242189532056724
1729,0.7314674528538974
1730,0.6402358830180607
1731,0.551905661156177
1732,0.3513590023176265
1733,0.06353765009246325
1734,0.2958675683532396
1735,0.4365768278138418
1736,0.07572302417533623
1737,0.5759527161950745
1738,0.028297324878935517
1739,0.04197803321452723
1740,0.5732205840199521
1741,0.23134909486431135
1742,0.012757462491937873
1743,0.246822082004596
1744,0.021807057738568048
1745,0.021935088845462417
1746,0.2566129020857976
1747,0.025053442125612776
1748,0.08549513980124855
1749,0.01437538428246533
1750,0.34790933822496906
1751,0.4763014123168406
1752,0.20113212529408234
1753,0.659113868896218
1754,0.07682200354371227
1755,0.05992901920312462
1756,0.1412924683209906
1757,0.02095732067621357
1758,0.7738815573270803
1759,0.5335915775217145
1760,0.02738080385238272
