iter	Passed	Remaining
0	0	162
1	1	154
2	1	151
3	2	148
4	2	145
5	3	144
6	4	143
7	4	141
8	5	139
9	5	138
10	6	137
11	6	136
12	7	135
13	7	134
14	8	133
15	9	132
16	9	132
17	10	131
18	10	131
19	11	131
20	11	130
21	12	129
22	13	129
23	13	128
24	14	128
25	14	127
26	15	127
27	16	127
28	16	126
29	17	126
30	17	125
31	18	125
32	19	125
33	19	124
34	20	123
35	20	123
36	21	123
37	21	122
38	22	122
39	23	121
40	23	121
41	24	120
42	25	120
43	25	119
44	26	119
45	26	118
46	27	118
47	27	117
48	28	117
49	29	116
50	29	115
51	30	115
52	30	114
53	31	114
54	32	113
55	32	113
56	33	112
57	33	111
58	34	111
59	34	110
60	35	110
61	36	109
62	36	108
63	37	108
64	38	108
65	38	108
66	39	107
67	39	106
68	40	106
69	41	105
70	41	105
71	42	104
72	42	103
73	43	103
74	43	102
75	44	102
76	45	101
77	45	101
78	46	100
79	46	99
80	47	99
81	48	98
82	48	97
83	49	97
84	49	96
85	50	96
86	50	95
87	51	94
88	52	94
89	52	93
90	53	93
91	53	92
92	54	91
93	54	91
94	55	90
95	56	89
96	56	89
97	57	88
98	57	88
99	58	87
100	59	87
101	59	86
102	60	85
103	60	85
104	61	84
105	61	84
106	62	83
107	63	82
108	63	82
109	64	81
110	64	81
111	65	80
112	65	79
113	66	79
114	67	78
115	67	78
116	68	77
117	68	76
118	69	76
119	69	75
120	70	75
121	71	74
122	71	74
123	72	73
124	72	72
125	73	72
126	74	71
127	74	71
128	75	70
129	75	70
130	76	69
131	77	68
132	77	68
133	78	67
134	78	67
135	79	66
136	79	65
137	80	65
138	81	64
139	81	64
140	82	63
141	82	62
142	83	62
143	84	61
144	84	61
145	85	60
146	85	60
147	86	59
148	86	58
149	87	58
150	88	57
151	88	57
152	89	56
153	89	55
154	90	55
155	91	54
156	91	54
157	92	53
158	92	53
159	93	52
160	94	52
161	94	51
162	95	50
163	95	50
164	96	49
165	97	49
166	97	48
167	98	47
168	98	47
169	99	46
170	99	46
171	100	45
172	101	45
173	101	44
174	102	43
175	103	43
176	103	42
177	104	42
178	104	41
179	105	40
180	105	40
181	106	39
182	106	39
183	107	38
184	108	37
185	108	37
186	109	36
187	109	36
188	110	35
189	110	35
190	111	34
191	111	33
192	112	33
193	113	32
194	113	32
195	114	31
196	114	30
197	115	30
198	116	29
199	116	29
200	117	28
201	117	27
202	118	27
203	118	26
204	119	26
205	119	25
206	120	25
207	121	24
208	121	23
209	122	23
210	122	22
211	123	22
212	124	21
213	124	20
214	125	20
215	125	19
216	126	19
217	126	18
218	127	18
219	128	17
220	128	16
221	129	16
222	129	15
223	130	15
224	130	14
225	131	13
226	132	13
227	132	12
228	133	12
229	133	11
230	134	11
231	134	10
232	135	9
233	136	9
234	136	8
235	137	8
236	137	7
237	138	6
238	139	6
239	139	5
240	140	5
241	140	4
242	141	4
243	141	3
244	142	2
245	143	2
246	143	1
247	144	1
248	144	0
249	145	0
